티커,BPS,PER,PBR,EPS,DIV,DPS
095570,8076,20.95,0.52,201,6.41,270
006840,41948,0.0,0.48,0,1.0,200
027410,16528,14.6,0.22,247,3.05,110
282330,55724,14.63,2.94,11203,2.5,4100
138930,30468,2.74,0.22,2404,9.48,625
001460,825735,9.84,0.5,42272,0.72,3000
001465,0,0.0,0.0,0,2.12,3050
001040,191537,12.0,0.38,6023,3.46,2500
079160,5510,0.0,1.51,0,0.0,0
00104K,0,0.0,0.0,0,4.27,2550
000120,179031,9.63,0.44,8190,0.63,500
011150,2107,14.76,1.44,205,0.0,0
011155,0,0.0,0.0,0,0.0,0
001045,0,0.0,0.0,0,5.83,2550
097950,459670,8.27,0.67,37188,1.79,5500
097955,0,0.0,0.0,0,4.05,5550
000480,21609,6.82,0.4,1279,5.16,450
000590,242997,4.66,0.24,12700,0.84,500
012030,1492,60.27,1.21,30,0.0,0
016610,22203,0.0,0.18,0,4.17,170
005830,89508,4.89,0.89,16373,5.74,4600
000990,37784,4.07,1.38,12858,2.49,1300
139130,31812,3.2,0.23,2266,8.95,650
001530,31182,7.15,0.64,2803,1.25,250
000210,194062,14.0,0.19,2679,2.67,1000
001880,45294,4.8,0.26,2445,2.13,250
000215,0,0.0,0.0,0,5.32,1050
375500,114397,2.97,0.26,10130,3.33,1000
37550L,0,0.0,0.0,0,4.72,1000
37550K,0,0.0,0.0,0,5.7,1050
007340,101507,4.17,0.86,20987,2.86,2500
004840,18971,63.38,0.27,80,0.79,40
155660,12480,2.98,0.36,1502,1.34,60
069730,12715,2.25,0.36,2009,1.33,60
017940,249560,2.35,0.23,24536,6.25,3600
383220,24159,9.12,4.37,11571,1.52,1600
007700,52493,5.19,0.33,3384,1.99,350
114090,6183,0.0,2.63,0,0.0,0
078930,133899,1.66,0.28,22634,6.66,2500
006360,56917,3.46,0.24,3997,9.4,1300
001250,4813,2.92,0.52,851,0.0,0
007070,39627,60.13,0.6,395,1.81,430
078935,0,0.0,0.0,0,7.48,2550
012630,44094,0.0,0.14,0,4.13,250
039570,11339,13.98,0.66,538,5.98,450
089470,10618,10.43,0.39,398,2.89,120
294870,43919,13.21,0.23,764,5.95,600
009540,137382,0.0,0.82,0,0.0,0
267250,105921,2.97,0.56,19933,7.77,4600
267270,80387,11.45,0.87,6112,2.5,1750
322000,34065,5.81,0.92,5412,1.91,600
042670,8273,8.72,1.23,1163,2.37,240
267260,22854,15.6,3.08,4514,0.71,500
329180,59566,0.0,2.06,0,0.0,0
097230,4624,0.0,0.85,0,0.0,0
014790,11284,7.73,0.21,300,0.0,0
003580,1507,0.0,2.69,0,0.0,0
204320,45998,20.04,0.91,2096,1.19,500
060980,102608,117.99,0.36,314,5.4,2000
011200,42300,0.86,0.42,20556,6.76,1200
082740,3099,0.0,3.15,0,0.0,0
035000,10892,5.51,0.54,1077,6.75,400
003560,303,0.0,0.79,0,0.0,0
175330,23551,2.88,0.37,2996,9.69,835
234080,9063,14.94,1.59,966,3.47,500
001060,10660,36.06,4.5,1331,0.78,375
001067,0,0.0,0.0,0,0.57,375
001065,0,0.0,0.0,0,1.12,400
096760,1513,13.83,2.86,313,2.31,100
105560,124124,4.73,0.42,10955,5.69,2950
002380,695902,43.47,0.29,4564,4.03,8000
344820,90484,6.99,0.46,5894,5.83,2400
009070,8350,4.69,0.49,879,1.46,60
009440,7463,0.0,0.45,0,1.49,50
119650,1562,0.0,1.17,0,0.0,0
092220,1912,11.57,0.85,140,3.7,60
003620,5846,0.0,1.4,0,0.0,0
016380,16907,1.45,0.46,5357,1.94,150
001390,57371,1.77,0.72,23384,1.2,500
033180,2771,0.0,0.16,0,0.0,0
015590,475,18.27,1.88,49,0.0,0
001940,75645,3.1,0.24,5760,3.37,600
025000,122776,7.29,0.36,6015,6.27,2750
092230,210854,22.03,0.24,2267,6.01,3000
000040,345,0.0,1.57,0,0.0,0
044450,17995,4.06,0.46,2016,4.27,350
030200,64880,6.21,0.5,5209,6.06,1960
033780,80114,10.0,1.06,8489,5.89,5000
058850,4834,6.98,0.63,436,3.94,120
058860,6434,5.87,0.46,501,4.08,120
093050,51612,2.61,0.27,5351,5.01,700
003550,164082,6.5,0.49,12422,3.71,3000
034220,27611,0.0,0.49,0,0.0,0
051900,364213,31.89,1.24,14112,0.89,4000
051905,0,0.0,0.0,0,2.2,4050
373220,80052,163.34,6.75,3306,0.0,0
003555,0,0.0,0.0,0,4.97,3050
032640,18996,6.64,0.54,1543,6.35,650
011070,180261,6.29,1.45,41406,1.59,4150
066570,116599,15.05,0.86,6640,0.7,700
066575,0,0.0,0.0,0,1.64,750
037560,8077,0.0,0.48,0,3.07,120
051910,445524,24.55,1.3,23670,1.72,10000
051915,0,0.0,0.0,0,2.93,10050
079550,42909,13.31,1.75,5641,2.0,1500
006260,144965,7.14,0.8,16306,1.33,1550
010120,52919,32.08,1.87,3077,1.11,1100
000680,7510,0.0,0.74,0,0.0,0
229640,4898,0.0,2.46,0,2.08,250
108320,58432,6.33,1.56,14368,4.95,4500
001120,62867,2.47,0.56,14325,8.46,3000
108670,87146,0.0,0.6,0,0.38,200
108675,0,0.0,0.0,0,1.24,250
383800,21133,3.7,0.38,2190,3.82,310
38380K,0,0.0,0.0,0,3.21,320
023150,10227,8.81,0.66,766,3.7,250
035420,151646,43.54,1.44,5007,0.42,914
181710,49179,0.0,0.51,0,0.0,0
005940,21824,11.71,0.47,881,6.78,700
005945,0,0.0,0.0,0,7.99,750
034310,21230,12.72,0.61,1012,3.19,410
030190,5732,11.37,1.75,882,3.69,370
008260,6580,3.48,0.9,1706,1.69,100
004250,9416,8.51,0.61,678,1.73,100
004255,0,0.0,0.0,0,3.57,105
456040,0,0.0,0.0,0,0.0,0
010060,166136,2.71,0.6,36941,2.5,2500
178920,11627,18.27,2.45,1557,2.74,779
005490,692323,13.34,0.8,41456,2.17,12000
010950,75353,4.02,0.96,18075,7.58,5500
010955,0,0.0,0.0,0,11.32,5525
034120,46405,3.23,0.6,8623,3.59,1000
005090,48174,3.11,0.52,8093,6.75,1700
001380,2695,0.0,0.53,0,0.0,0
004060,1234,53.56,0.39,9,0.0,0
001770,42355,2.46,0.52,8905,0.46,100
002360,857,36.82,0.73,17,1.6,10
009160,11050,3.12,0.39,1381,4.63,200
123700,11352,12.18,0.34,316,2.6,100
025530,11073,30.51,0.35,127,3.87,150
034730,391404,7.24,0.36,19547,3.53,5000
011790,50774,0.0,1.85,0,1.17,1100
018670,260823,4.28,0.47,28644,5.31,6500
001740,10311,16.08,0.62,395,1.89,120
006120,153209,1.78,0.25,21631,4.43,1700
006125,0,0.0,0.0,0,5.94,1750
210980,31414,6.65,0.65,3084,3.9,800
068400,11371,27.2,1.09,457,1.21,150
302440,22683,48.43,3.41,1596,0.0,0
326030,4042,0.0,21.97,0,0.0,0
402340,118972,23.92,0.37,1837,0.0,0
361610,30501,0.0,2.99,0,0.0,0
100090,9783,41.7,2.23,524,0.0,0
03473K,0,0.0,0.0,0,3.94,5050
096770,229593,9.86,0.78,18214,3.25,5840
096775,0,0.0,0.0,0,5.21,5890
001510,1525,27.3,0.41,23,0.8,5
001515,0,0.0,0.0,0,0.47,10
285130,124642,6.2,0.49,9910,2.44,1500
28513K,0,0.0,0.0,0,5.28,1550
017670,51911,11.49,0.91,4118,7.02,3320
000660,92004,35.41,1.25,3242,1.05,1200
003570,29430,9.26,0.32,1027,5.26,500
064960,66442,6.96,0.68,6470,3.56,1600
100840,38778,9.66,0.57,2292,3.61,800
036530,68239,4.47,0.23,3556,4.4,700
005610,48007,10.16,1.39,6568,2.55,1700
011810,1753,0.0,11.87,0,0.0,0
077970,11315,0.0,1.25,0,0.0,0
071970,6770,24.32,1.79,498,0.0,0
002820,12936,0.0,0.2,0,0.0,0
084870,2886,9.15,0.75,236,0.0,0
002710,8127,39.59,6.04,1239,0.24,120
069260,19290,10.25,1.13,2132,4.58,1000
002900,7778,2.56,0.74,2262,5.18,300
024070,7345,0.0,0.36,0,1.89,50
037270,2248,28.47,2.32,183,0.0,0
000500,49444,9.24,0.46,2458,0.22,50
000860,92542,21.48,0.22,952,2.44,500
035250,16846,27.67,0.94,570,2.22,350
011420,1210,11.47,1.58,167,0.0,0
002100,12997,6.61,0.76,1503,4.02,400
009450,35820,13.35,1.38,3707,1.01,500
267290,67007,4.73,0.29,4105,4.51,875
012320,205405,11.93,0.38,6519,0.96,750
000050,30304,52.82,0.31,177,1.34,125
214390,6011,283.08,1.22,26,0.68,50
012610,5831,11.84,0.7,345,1.22,50
009140,49149,11.03,0.47,2080,1.53,350
013580,84371,2.17,0.18,6828,3.37,500
012200,3924,0.0,0.51,0,1.25,25
012205,0,0.0,0.0,0,0.78,30
002140,4286,127.5,0.83,28,0.7,25
010130,455251,11.0,1.04,42967,4.23,20000
002240,64024,7.23,0.37,3242,1.28,300
009290,12593,10.8,0.5,588,1.57,100
017040,2621,21.17,1.0,124,0.38,10
017900,4514,8.64,0.53,275,2.11,50
037710,99270,4.56,0.33,7157,6.74,2200
030610,24572,7.46,0.21,681,3.94,200
339770,7157,35.93,1.07,214,2.6,200
007690,99565,5.85,0.51,8626,2.77,1400
005320,1997,36.12,0.45,25,0.0,0
001140,4100,0.0,1.03,0,0.0,0
002720,3666,22.76,1.09,176,0.0,0
083420,5251,64.07,1.5,123,2.92,230
014530,5808,7.01,0.72,593,4.81,200
014280,13661,3.2,0.45,1933,1.94,120
014285,0,0.0,0.0,0,1.26,130
008870,106871,0.0,0.83,0,1.47,1300
001570,2188,0.0,60.56,0,0.0,0
002990,15149,9.27,0.36,587,9.19,500
002995,0,0.0,0.0,0,3.55,550
011780,234861,3.14,0.5,37290,4.62,5400
011785,0,0.0,0.0,0,8.89,5450
214330,1749,0.0,0.5,0,0.0,0
001210,890,0.0,0.95,0,0.0,0
073240,3920,0.0,1.13,0,0.0,0
092440,8569,11.07,0.38,291,4.66,150
000270,98117,5.81,0.8,13495,4.46,3500
024110,36302,3.14,0.29,3320,9.2,960
013700,1753,0.0,0.91,0,1.25,20
004540,6481,0.0,0.33,0,0.0,0
004545,0,0.0,0.0,0,0.0,0
001260,10896,4.48,0.81,1969,0.0,0
008350,2376,10.04,1.01,238,0.0,0
008355,0,0.0,0.0,0,0.0,0
004270,3821,20.69,0.55,102,1.18,25
003920,1079345,0.0,0.41,0,0.22,1000
003925,0,0.0,0.0,0,0.43,1050
025860,10670,7.71,0.71,986,1.32,100
005720,22295,12.62,0.18,317,2.75,110
005725,0,0.0,0.0,0,3.98,115
002350,16520,0.0,0.47,0,1.28,100
002355,0,0.0,0.0,0,3.6,105
251270,66649,0.0,0.66,0,0.0,0
090350,17634,14.33,0.46,564,3.4,275
090355,0,0.0,0.0,0,2.53,280
000320,38479,4.68,0.29,2391,4.47,500
000325,0,0.0,0.0,0,2.66,505
006280,116367,20.44,1.01,5735,1.49,1750
005250,23095,18.91,0.6,727,2.18,300
005257,0,0.0,0.0,0,1.11,300
004370,398464,22.98,1.16,20081,1.08,5000
072710,231914,9.33,0.3,7353,3.64,2500
058730,7408,49.26,0.59,88,0.0,0
030210,11357,3.62,0.32,1019,4.07,150
023590,53655,2.0,0.32,8634,3.47,600
145210,3499,0.0,1.25,0,0.0,0
019680,5825,0.0,0.44,0,1.16,30
019685,0,0.0,0.0,0,2.65,45
006370,27810,0.0,0.43,0,0.42,50
008060,17890,11.77,0.36,549,6.19,400
00806K,0,0.0,0.0,0,4.49,405
353200,17302,7.8,1.61,3570,1.44,400
35320K,0,0.0,0.0,0,3.9,405
000490,15973,5.52,0.63,1812,1.0,100
008110,20487,7.42,0.37,1015,3.32,250
005750,9514,0.0,0.39,0,2.95,110
006570,5308,13.85,0.66,252,0.86,30
001680,37616,7.76,0.48,2306,4.47,800
001685,0,0.0,0.0,0,6.2,810
084690,20315,7.72,0.33,868,4.03,270
084695,0,0.0,0.0,0,3.64,280
128820,16329,0.0,0.23,0,0.0,0
117580,11539,0.0,0.61,0,3.55,250
016710,29781,62.0,0.47,225,1.79,250
003540,40616,8.05,0.35,1750,8.52,1200
003547,0,0.0,0.0,0,9.78,1200
003545,0,0.0,0.0,0,9.62,1250
009190,3353,13.77,1.03,252,0.0,0
014160,1753,8.62,0.66,134,0.0,0
047040,9040,3.7,0.5,1227,0.0,0
009320,539,0.0,2.77,0,0.0,0
003090,19933,5.55,0.69,2467,0.73,100
069620,54929,27.7,1.92,3816,0.57,600
000430,7802,18.95,0.74,304,1.74,100
006340,1273,65.06,0.92,18,0.0,0
006345,0,0.0,0.0,0,0.0,0
003220,11967,11.42,1.44,1510,2.03,350
024890,1532,0.0,1.48,0,0.0,0
002880,942,0.0,0.6,0,0.0,0
000300,503,0.0,1.73,0,0.0,0
012800,3225,38.58,0.57,48,0.0,0
015230,9161,4.87,0.75,1417,2.9,200
001070,37439,0.0,0.27,0,0.0,0
006650,301477,0.0,0.37,0,0.89,1000
001440,7000,70.39,1.81,180,0.0,0
084010,38135,1.85,0.32,6605,6.38,780
001790,5992,10.25,0.47,276,4.24,120
001795,0,0.0,0.0,0,5.08,125
001130,558185,5.26,0.23,24697,1.92,2500
003490,24426,4.99,0.98,4787,3.14,750
003495,0,0.0,0.0,0,3.04,800
005880,4912,3.64,0.38,507,0.0,0
003830,635611,3.55,0.17,29768,0.71,750
016090,5480,3.63,0.38,574,5.28,110
069460,1456,19.78,1.55,114,0.0,0
118000,1172,0.0,0.42,0,0.0,0
192080,43874,0.0,0.97,0,1.41,600
012510,15301,45.56,2.01,676,0.4,123
004830,5862,84.33,2.26,157,0.34,45
004835,0,0.0,0.0,0,0.58,50
024900,2608,11.93,2.23,487,0.0,0
145720,43354,12.36,2.85,9980,0.24,300
002150,7986,170.64,1.0,47,3.49,280
460850,0,0.0,0.0,0,0.0,0
460860,0,0.0,0.0,0,0.0,0
001230,34362,2.53,0.33,4474,4.42,500
023450,14281,11.68,2.44,2983,2.51,875
004140,2685,117.53,0.74,17,0.0,0
007590,12112,11.74,0.53,546,3.9,250
005960,25542,3.56,0.24,1737,8.08,500
005965,0,0.0,0.0,0,2.11,550
026960,15510,10.46,1.15,1701,4.1,730
002210,1872,0.0,3.08,0,0.0,0
102260,7735,6.4,0.59,714,4.38,200
000640,157100,52.63,0.6,1784,1.6,1500
170900,78380,41.05,0.83,1576,1.08,700
028100,15999,0.0,0.76,0,4.1,500
282690,27514,6.47,0.41,1747,8.85,1000
001520,4062,0.0,0.25,0,3.97,40
001527,0,0.0,0.0,0,1.5,150
084670,28704,0.0,0.46,0,0.0,0
082640,12252,7.85,0.3,475,0.0,0
001525,0,0.0,0.0,0,1.69,90
008970,740,27.39,1.22,33,0.0,0
092780,9239,27.63,0.59,198,1.1,60
049770,45847,6.43,0.66,4711,2.31,701
018500,1314,4.34,1.6,485,0.0,0
006040,69698,6.34,0.52,5748,3.02,1100
030720,13454,6.81,0.67,1328,2.77,250
014820,25113,14.22,1.4,2472,1.71,600
014825,0,0.0,0.0,0,2.76,650
163560,15353,11.05,0.4,561,1.94,120
004890,192642,5.8,0.3,10085,5.13,3000
002690,7970,10.9,0.23,169,0.54,10
000020,13165,13.13,0.73,736,1.86,180
000150,132422,0.0,0.8,0,1.9,2000
000157,0,0.0,0.0,0,2.07,2000
241560,50136,8.32,1.07,6421,2.53,1350
034020,11146,0.0,1.46,0,0.0,0
000155,0,0.0,0.0,0,3.7,2050
336260,7988,518.09,3.05,47,0.0,0
33626K,0,0.0,0.0,0,0.0,0
33626L,0,0.0,0.0,0,0.0,0
016740,5889,15.13,0.58,224,2.36,80
192650,6133,11.77,1.85,965,1.76,200
024090,28881,2.85,0.4,4097,7.71,900
003160,5841,12.46,1.2,564,1.42,100
092200,2625,60.89,1.83,79,0.0,0
013570,13814,0.0,0.44,0,1.97,120
210540,21781,8.13,0.6,1618,1.9,250
115390,11990,0.0,0.48,0,33.97,1953
032350,3223,0.0,4.63,0,0.0,0
089860,35333,10.36,0.76,2577,3.37,900
000400,1451,0.0,1.17,0,0.0,0
023530,338431,0.0,0.21,0,4.61,3300
020150,31661,54.42,1.63,950,0.58,300
280360,228909,17.06,0.46,6160,2.19,2300
004000,90075,10.42,0.66,5738,5.85,3500
286940,28084,13.2,0.95,2015,2.63,700
004990,100489,10.35,0.25,2387,6.07,1500
00499K,0,0.0,0.0,0,4.13,1550
005300,150133,10.47,0.89,12754,2.47,3300
005305,0,0.0,0.0,0,5.02,3305
011170,404799,77.45,0.33,1716,2.63,3500
071840,55987,0.0,0.18,0,3.01,300
027740,777,72.38,1.49,16,0.0,0
001080,79971,19.0,0.52,2168,0.61,250
138040,27050,5.91,1.84,8406,0.21,105
090370,3160,0.0,0.8,0,0.0,0
017180,2648,9.91,0.87,233,0.0,0
009900,7315,11.76,2.62,1633,0.0,0
012690,2123,39.84,1.2,64,1.96,50
005360,5502,18.19,0.55,166,2.32,70
009680,19912,9.02,0.45,988,4.49,400
009580,10484,4.54,0.31,721,4.58,150
009200,10014,6.01,0.22,365,2.28,50
033920,18143,0.0,0.3,0,4.23,230
008420,8612,2.33,0.36,1338,1.61,50
025560,3527,20.56,1.77,303,0.0,0
007120,2635,0.0,0.51,0,0.0,0
085620,10179,8.21,0.36,441,0.0,0
006800,21818,6.46,0.31,1033,3.0,200
00680K,0,0.0,0.0,0,5.64,200
006805,0,0.0,0.0,0,6.12,220
002840,70659,10.87,2.27,14752,0.94,1500
268280,75680,10.2,1.74,12932,1.74,2300
107590,95466,10.78,0.98,8717,0.74,700
134380,64815,8.93,1.1,7959,3.52,2500
003650,212260,4.5,0.33,15455,3.59,2500
377740,15707,1.58,0.33,3277,9.46,490
003610,5532,14.74,0.4,152,2.01,45
001340,4741,15.87,1.64,491,0.77,60
035150,7626,4.08,1.01,1882,1.96,150
002410,3085,0.0,0.79,0,0.0,0
007210,4254,14.46,0.59,175,0.99,25
002760,808,28.82,1.82,51,0.48,7
003850,7833,14.07,1.14,636,1.12,100
000890,593,0.0,0.88,0,0.0,0
003000,3845,0.0,1.78,0,0.0,0
001270,116987,4.75,0.19,4736,6.67,1500
001275,0,0.0,0.0,0,8.2,1550
026940,6300,9.1,0.51,355,2.32,75
011390,55020,26.68,1.19,2451,0.38,250
005030,316,0.0,1.54,0,0.0,0
002070,3232,0.0,0.43,0,0.0,0
100220,16097,0.0,0.27,0,2.33,100
090460,17692,5.21,1.34,4551,1.05,250
030790,277,0.0,3.26,0,0.0,0
005180,65119,19.07,0.85,2905,2.71,1500
003960,67677,2.86,0.41,9689,1.26,350
008040,1639,124.38,0.61,8,0.0,0
007160,102866,2.8,0.38,13998,0.89,350
014710,13889,8.35,0.29,482,0.99,40
006090,21856,8.78,0.36,905,1.51,120
001470,975,0.0,3.13,0,0.0,0
006400,251948,20.83,2.41,29191,0.17,1030
006405,0,0.0,0.0,0,0.37,1080
006660,32070,1.96,0.31,5102,0.8,80
028260,164524,8.31,0.63,12460,2.22,2300
02826K,0,0.0,0.0,0,2.81,2350
207940,126233,67.47,6.12,11442,0.0,0
032830,124081,7.56,0.54,8817,4.5,3000
018260,106311,9.54,1.28,14218,2.36,3200
028050,13741,10.73,2.65,3392,0.0,0
009150,103702,11.05,1.38,12977,1.46,2100
009155,0,0.0,0.0,0,3.19,2150
005930,57822,8.28,1.15,8057,2.16,1444
005935,0,0.0,0.0,0,2.63,1445
001360,1528,0.0,1.88,0,0.0,0
010140,4209,0.0,2.01,0,0.0,0
016360,69383,7.68,0.52,4730,4.68,1700
068290,17559,14.52,0.97,1179,1.17,200
029780,73934,5.02,0.4,5831,8.53,2500
000810,276525,8.27,0.9,30113,5.54,13800
000815,0,0.0,0.0,0,7.72,13805
006110,12540,62.6,7.81,1564,0.26,250
145990,136968,6.08,0.31,6872,2.99,1250
145995,0,0.0,0.0,0,5.43,1300
003230,60733,16.27,2.86,10665,0.81,1400
002170,147462,9.35,0.34,5339,3.01,1500
272550,22869,22.57,0.77,777,4.28,750
000070,240995,7.53,0.29,9173,5.07,3500
000075,0,0.0,0.0,0,6.89,3550
003720,1525,50.13,2.63,80,0.0,0
002810,26238,4.1,0.48,3054,4.8,600
005680,26088,9.6,0.33,909,3.44,300
023000,5807,9.04,0.51,327,3.55,105
004380,10179,15.27,1.21,804,2.44,300
002450,3225,6.03,0.35,186,4.46,50
004440,21073,0.0,0.21,0,0.0,0
000520,8884,0.0,0.81,0,0.0,0
009770,85204,0.0,0.3,0,3.86,1000
005500,20811,12.85,1.07,1728,3.6,800
004690,410695,7.6,0.27,14387,2.74,3000
010960,9788,12.87,0.35,265,5.57,190
004450,65831,0.0,0.51,0,3.56,1200
009470,10248,10.97,1.72,1611,1.7,300
011230,1085,0.0,5.74,0,0.0,0
001820,21828,14.05,1.83,2840,1.25,500
000390,12654,25.11,0.47,237,4.2,250
001290,2103,20.94,0.35,35,0.0,0
041650,9851,96.22,0.36,37,2.81,100
075180,11978,0.0,0.38,0,3.11,140
007540,92028,10.64,0.56,4831,0.39,200
248170,49786,9.52,0.55,2869,0.73,200
007860,24599,2.52,0.31,3034,1.31,100
200880,26709,7.66,0.59,2060,0.95,150
017390,270188,15.06,0.25,4554,2.55,1750
004410,76,99.0,2.61,2,0.0,0
004415,0,0.0,0.0,0,0.0,0
021050,2870,333.33,0.7,6,0.0,0
008490,37893,9.02,0.73,3056,1.45,400
007610,3277,0.0,0.92,0,0.0,0
136490,17831,8.17,0.45,975,1.25,100
014910,1756,14.93,0.95,112,0.3,5
014915,0,0.0,0.0,0,0.17,10
003080,6994,14.58,0.43,204,4.54,135
004980,16402,0.0,0.58,0,2.09,200
004985,0,0.0,0.0,0,2.01,250
011300,458,0.0,5.62,0,0.0,0
000180,9349,0.0,0.21,0,0.0,0
002420,5022,0.0,1.43,0,0.0,0
004360,54430,2.39,0.21,4819,2.61,300
004365,0,0.0,0.0,0,4.6,305
004490,91306,15.15,0.53,3222,1.23,600
001430,52580,8.85,0.43,2572,5.27,1200
306200,296062,2.45,0.47,56889,4.31,6000
003030,372105,2.73,0.5,68897,1.2,2250
019440,40593,6.8,0.37,2185,6.73,1000
058650,530930,3.35,0.2,31597,3.77,4000
013000,1597,24.25,0.8,53,0.0,0
091090,3875,0.0,0.33,0,0.0,0
021820,45187,0.0,0.16,0,0.35,25
067830,12290,10.7,0.21,243,1.15,30
033530,14878,108.13,0.47,64,1.45,100
075580,2993,28.96,2.05,212,2.44,150
027970,1760,33.59,0.74,39,0.0,0
068270,28937,38.28,4.96,3751,0.26,375
336370,15536,0.0,2.21,0,0.29,100
33637K,0,0.0,0.0,0,1.4,101
33637L,0,0.0,0.0,0,1.08,100
248070,5958,31.34,5.02,954,0.0,0
004430,28443,3.1,0.6,5497,2.94,500
126720,32090,5.64,0.62,3544,3.0,600
017550,2566,8.15,0.93,292,0.42,10
053210,17321,13.66,0.37,470,5.45,350
026890,6347,15.98,1.08,428,2.92,200
134790,37778,21.9,0.88,1516,1.2,400
016590,15417,4.18,0.36,1319,2.26,125
029530,109950,6.62,0.3,5007,4.52,1500
004970,35416,9.78,0.25,899,5.69,500
011930,1036,15.8,2.56,168,0.0,0
005390,2389,3.35,0.75,533,0.0,0
004170,418209,4.93,0.49,41282,1.84,3750
035510,27495,2.07,0.48,6381,3.78,500
034300,70930,0.0,0.21,0,3.41,500
031430,23264,5.18,0.74,3313,2.92,500
031440,75425,0.0,0.52,0,1.92,750
006880,8832,58.2,0.92,139,1.48,120
005800,40302,3.66,0.24,2611,1.57,150
001720,177863,5.18,0.31,10783,7.16,4000
001725,0,0.0,0.0,0,7.38,4050
009270,2866,5.96,0.47,224,7.49,100
002700,1165,113.4,1.46,15,0.59,10
002870,2895,0.0,0.31,0,5.64,50
019170,6690,0.0,2.65,0,0.0,0
019175,0,0.0,0.0,0,0.0,0
055550,95206,4.11,0.36,8454,5.94,2065
004080,11398,15.54,1.23,901,1.79,250
102280,528,0.0,0.51,0,0.0,0
003410,3172,21.1,1.69,254,8.21,440
004770,2101,16.15,1.11,144,0.0,0
015540,69,0.0,92.9,0,0.0,0
403550,7565,0.0,1.7,0,0.0,0
004920,1240,0.0,1.71,0,0.0,0
112610,21158,0.0,3.09,0,0.77,500
308170,12061,101.91,1.11,131,0.0,0
008700,1270,10.96,1.56,181,0.0,0
002790,44015,45.74,0.68,657,0.68,205
00279K,0,0.0,0.0,0,3.26,667
002795,0,0.0,0.0,0,2.07,210
090430,82107,63.21,1.5,1949,0.55,680
090435,0,0.0,0.0,0,1.89,685
002030,548397,4.02,0.34,46012,2.03,3750
183190,24770,6.14,0.4,1631,2.25,225
002310,89799,3.59,0.42,10540,2.64,1000
012170,384,0.0,1.83,0,0.0,0
267850,14410,15.94,0.86,774,4.05,500
020560,9289,22.31,1.2,498,0.0,0
122900,11376,12.78,0.79,706,6.65,600
010780,46278,4.68,0.65,6426,0.0,0
139990,9135,166.08,0.93,51,0.0,0
001780,2639,24.39,1.43,155,0.0,0
018250,13672,34.26,1.58,632,1.43,310
161000,15115,13.92,1.15,1249,3.16,550
011090,748,0.0,0.8,0,0.0,0
137310,28794,1.3,0.41,8997,8.45,990
005850,35492,9.72,0.92,3360,1.84,600
010580,603,23.91,3.65,92,0.0,0
012750,45045,12.33,1.22,4467,4.54,2500
023960,1320,11.03,1.46,175,0.0,0
298690,1086,0.0,2.84,0,0.0,0
078520,4422,220.56,1.8,36,0.0,0
015260,741,0.0,2.34,0,0.0,0
007460,923,0.0,3.04,0,0.0,0
003060,720,30.84,0.81,19,0.0,0
244920,6449,1.88,0.65,2226,4.78,200
036570,157391,11.79,1.61,21456,2.64,6680
380440,0,0.0,0.0,0,0.0,0
085310,1457,7.75,0.72,136,0.0,0
097520,17477,20.88,1.54,1293,1.85,500
014440,8125,9.69,0.41,343,1.5,50
111770,64162,3.86,0.93,15377,2.58,1530
009970,176464,2.08,0.45,37988,3.87,3050
003520,491,0.0,4.95,0,0.0,0
000670,2272640,2.52,0.24,213453,1.86,10000
006740,3320,233.76,13.66,194,1.72,779
012280,1191,101.67,0.77,9,0.0,0
012160,2456,0.0,0.27,0,0.0,0
015360,112673,0.0,0.29,0,7.53,2500
007310,528433,4.61,0.7,80501,2.43,9000
002630,702,2.26,0.93,288,0.0,0
271560,64606,12.46,1.91,9926,0.77,950
001800,35982,8.91,0.42,1712,4.59,700
011690,518,0.0,1.66,0,0.0,0
070960,7847,0.0,0.41,0,0.0,0
316140,39505,2.71,0.29,4191,9.95,1130
010050,772,6.73,0.92,105,3.25,23
006980,67491,451.02,0.33,49,0.0,0
017370,5701,62.98,1.89,171,0.28,30
105840,7877,19.39,1.18,478,1.62,150
010400,13930,0.0,0.38,0,0.0,0
049800,5139,3.32,0.71,1092,1.38,50
016880,978,11.44,1.2,103,0.0,0
095720,3142,85.74,0.74,27,4.75,110
005820,55263,5.9,0.37,3500,1.69,350
010600,561,0.0,5.5,0,0.0,0
008600,1522,0.0,0.32,0,0.0,0
033270,22971,9.07,1.21,3058,1.44,400
014830,135798,3.64,0.4,14826,3.7,2000
446070,18122,95.0,0.47,90,0.0,0
000910,7741,0.0,0.71,0,2.27,125
047400,1996,0.0,1.6,0,1.1,35
011330,1678,84.85,1.67,33,0.71,20
077500,13196,8.07,1.13,1853,1.34,200
002920,11419,3.89,0.25,741,4.17,120
000700,13726,4.61,0.41,1218,7.13,400
003470,8081,12.34,0.32,209,4.26,110
003475,0,0.0,0.0,0,6.23,160
072130,4499,18.05,0.74,185,0.0,0
000220,7144,0.0,0.66,0,2.21,105
000225,0,0.0,0.0,0,2.6,110
000227,0,0.0,0.0,0,1.1,110
001200,10623,23.6,0.37,168,1.51,60
000100,28354,55.15,2.59,1329,0.55,400
000105,0,0.0,0.0,0,0.68,410
003460,10892,33.88,0.21,67,4.85,110
003465,0,0.0,0.0,0,5.22,120
008730,13460,0.0,2.4,0,0.78,250
008250,18762,13.69,0.37,501,1.46,100
025820,3804,29.42,1.32,171,0.99,50
214320,42482,11.67,0.97,3530,5.22,2150
139480,418373,1.91,0.17,37528,2.79,2000
457190,0,0.0,0.0,0,0.0,0
007660,3515,19.94,9.19,1620,0.31,100
005950,11236,18.29,1.66,1019,2.68,500
015020,1165,0.0,0.65,0,0.0,0
093230,1584,0.0,0.88,0,0.0,0
074610,1107,0.0,6.26,0,0.0,0
102460,13956,38.82,1.15,415,0.93,150
084680,1742,32.88,0.75,40,0.0,0
000760,54787,853.33,0.28,18,0.0,0
014990,537,0.0,1.78,0,0.0,0
101140,747,0.0,0.63,0,0.0,0
006490,567,0.0,2.19,0,0.0,0
023800,13364,10.77,0.76,947,1.96,200
034590,48520,8.63,0.53,2956,4.9,1250
129260,8867,2.17,0.27,1092,5.06,120
023810,11399,7.86,0.91,1320,1.74,180
249420,7140,0.0,2.35,0,0.0,0
000230,1046,0.0,10.11,0,0.95,100
013360,2224,13.78,0.71,115,0.32,5
003120,60174,1.6,0.37,14122,17.76,4005
003200,39009,1.81,0.23,5047,5.46,500
007110,713,37.73,1.59,30,0.0,0
007570,12974,15.95,1.27,1036,0.91,150
007575,0,0.0,0.0,0,1.17,175
008500,3682,0.0,3.5,0,0.0,0
081000,28217,0.0,0.55,0,1.93,300
020760,562,0.0,2.01,0,0.0,0
103590,9304,14.1,0.99,653,1.41,130
271940,8667,122.94,2.75,194,0.0,0
015860,9402,10.18,0.43,400,3.69,150
226320,20944,0.0,0.78,0,0.92,150
317400,12735,2.1,0.4,2447,5.84,300
033240,17892,0.0,1.43,0,0.0,0
000950,184874,0.42,0.13,59197,4.01,1000
194370,20205,2.52,0.64,5118,6.59,850
025620,10836,0.0,0.68,0,0.0,0
030000,11967,10.08,1.61,1913,5.96,1150
271980,10837,0.0,1.58,0,0.29,50
001560,12792,27.88,0.65,297,3.26,270
002620,22003,0.0,0.51,0,0.44,50
006220,16243,14.2,0.56,636,1.11,100
089590,3986,0.0,3.21,0,0.0,0
004910,16695,0.0,0.42,0,1.44,100
004700,106403,28.55,0.46,1706,0.0,0
001550,11842,8.0,1.12,1664,0.0,0
462520,0,0.0,0.0,0,0.0,0
120030,134669,10.0,0.77,10425,1.44,1500
018470,1476,19.19,1.85,142,0.0,0
002600,256975,9.69,0.7,18552,3.62,6500
185750,51191,12.86,1.66,6625,1.17,1000
063160,26941,0.0,0.86,0,0.0,0
001630,108745,239.73,0.48,219,2.67,1400
044380,730,0.0,0.84,0,0.0,0
013890,34132,15.68,0.76,1658,2.04,530
013870,13567,7.42,0.34,621,1.74,80
071320,143557,0.0,0.18,0,0.0,0
088790,8369,5.79,0.25,367,3.29,70
003780,3941,13.18,1.58,472,3.22,200
010640,3071,14.84,1.69,349,3.86,200
100250,6258,7.27,0.52,452,6.09,200
051630,2199,0.0,1.4,0,0.0,0
272450,2116,0.0,6.68,0,0.0,0
011000,2340,0.0,1.74,0,0.0,0
002780,1545,3.38,0.74,341,0.0,0
002787,0,0.0,0.0,0,0.0,0
002785,0,0.0,0.0,0,0.0,0
009310,1317,0.0,0.38,0,0.0,0
000650,18651,0.0,2.68,0,0.0,0
012600,1111,0.0,2.24,0,0.0,0
033250,895,0.0,0.97,0,0.0,0
035720,22893,15.86,2.15,3106,0.12,60
323410,11988,46.75,2.16,553,0.31,80
377300,13583,107.74,3.23,407,0.0,0
006380,665,0.0,1.52,0,0.0,0
109070,402,0.0,10.2,0,0.0,0
001620,1765,13.04,0.34,46,0.0,0
029460,58058,2.27,0.32,8092,1.91,350
281820,20995,7.78,1.0,2692,1.19,250
381970,5112,19.16,2.37,631,6.29,760
007815,0,0.0,0.0,0,0.0,0
007810,20204,6.34,0.79,2507,0.0,0
00781K,0,0.0,0.0,0,0.0,0
003690,22976,6.51,0.32,1132,5.83,430
192820,51220,75.03,2.69,1838,0.0,0
044820,31502,0.0,0.32,0,0.0,0
005070,8199,168.42,18.73,912,0.0,0
005420,6118,136.38,7.45,334,0.0,0
071950,562,0.0,1.17,0,0.0,0
002020,76319,1.78,0.23,10012,3.08,550
003070,22544,1.98,0.5,5710,3.54,400
003075,0,0.0,0.0,0,2.79,450
450140,0,0.0,0.0,0,0.0,0
45014K,0,0.0,0.0,0,0.0,0
002025,0,0.0,0.0,0,4.27,600
120110,94856,8.58,0.54,5934,2.55,1300
120115,0,0.0,0.0,0,5.29,1350
138490,6728,8.45,1.18,939,2.27,180
021240,31887,6.7,1.33,6314,3.07,1300
036420,9617,0.0,1.71,0,0.0,0
031820,1259,3.74,0.6,201,0.0,0
192400,31140,4.09,0.49,3755,5.21,800
284740,31261,4.19,0.69,5118,3.26,700
264900,16001,3.93,0.52,2116,3.0,250
26490K,0,0.0,0.0,0,2.47,252
005740,20510,10.3,0.28,559,1.74,100
005745,0,0.0,0.0,0,1.04,105
259960,108962,14.97,1.47,10666,0.0,0
020120,7338,0.0,0.75,0,0.91,50
039490,183566,5.35,0.52,17919,3.13,3000
014580,6444,8.22,1.08,850,1.86,130
015890,10077,5.63,0.65,1154,4.62,300
006890,12992,18.61,1.12,782,1.37,200
003240,4906107,1.45,0.12,406090,0.3,1750
011280,4948,9.53,0.49,253,2.07,50
004100,3058,0.0,0.62,0,0.26,5
004105,0,0.0,0.0,0,0.3,10
009410,19502,2.43,0.2,1607,5.77,225
009415,0,0.0,0.0,0,3.8,230
001420,4033,0.0,1.3,0,0.95,50
007980,4369,3.55,0.44,548,1.54,30
055490,31365,9.28,1.19,4013,2.42,900
078000,19820,13.75,0.48,688,6.34,600
214420,3871,0.0,1.52,0,0.0,0
019180,4827,0.0,0.69,0,1.5,50
363280,42418,2.57,0.16,2579,2.26,150
36328K,0,0.0,0.0,0,2.27,175
091810,371,0.0,7.36,0,0.0,0
004870,1505,0.77,0.36,697,0.0,0
005690,1328,37.42,5.13,182,0.0,0
036580,7532,0.0,0.47,0,1.41,50
004720,13118,1.35,0.46,4498,0.0,0
028670,8404,3.59,0.54,1267,3.3,150
010820,1183,93.78,2.93,37,0.0,0
016800,52783,47.45,0.58,646,3.59,1100
001020,1297,0.0,0.66,0,0.0,0
090080,755,12.61,1.85,111,0.0,0
010770,7178,0.0,0.45,0,4.6,150
058430,57026,14.95,0.99,3785,1.55,875
047050,32288,18.24,2.7,4780,1.15,1000
003670,31922,278.0,13.3,1527,0.07,300
017810,11212,0.0,0.88,0,1.03,102
103140,67365,5.31,0.5,6395,2.95,1000
005810,99583,4.53,0.35,7614,3.77,1300
009810,685,42.5,0.87,14,0.0,0
086790,124935,3.22,0.3,11803,8.82,3350
293480,15515,10.41,0.94,1405,3.49,510
039130,7960,0.0,6.36,0,0.0,0
352820,66995,189.33,3.57,1265,0.0,0
071090,7380,5.89,0.46,574,0.59,20
019490,1353,0.0,1.83,0,0.0,0
000080,16906,15.58,1.15,1250,4.88,950
000087,0,0.0,0.0,0,6.57,1000
000140,26118,6.08,0.33,1427,5.77,500
000145,0,0.0,0.0,0,4.82,550
036460,118693,1.4,0.2,17317,0.0,0
005430,110940,22.48,0.38,1888,0.0,0
071050,145614,4.65,0.35,10900,4.54,2300
071055,0,0.0,0.0,0,5.98,2362
010040,6218,134.57,0.5,23,1.45,45
025540,84382,11.75,0.66,4723,1.26,700
010100,9592,4.09,0.47,1095,1.56,70
004090,13490,10.52,0.71,906,1.15,110
002200,7340,5.43,0.39,531,2.77,80
002960,86889,10.85,2.57,20555,8.07,18000
000240,40622,6.42,0.28,1749,5.79,650
123890,7620,3.5,0.41,885,7.1,220
015760,63158,0.0,0.29,0,0.0,0
006200,3242,2.93,0.33,369,4.62,50
023350,14302,16.25,0.41,365,1.69,100
025890,2671,17.79,1.03,154,0.0,0
000970,15912,12.11,0.43,559,5.91,400
104700,20372,2.92,0.29,2055,5.0,300
017960,9394,28.96,1.45,471,0.95,130
161890,29024,0.0,1.94,0,0.89,500
024720,33447,0.0,0.45,0,2.01,300
161390,72196,6.91,0.54,5658,2.05,800
034830,4503,11.78,0.28,106,7.21,90
007280,3322,2.83,0.58,687,0.0,0
047810,14648,38.93,3.23,1215,0.53,250
123690,1409,274.32,7.2,37,0.0,0
003350,13033,27.76,2.37,1113,0.32,100
011500,9977,26.47,1.49,561,0.81,120
002390,27596,17.38,0.49,776,2.97,400
053690,17414,9.82,1.38,2449,2.29,550
042700,4008,51.92,12.16,939,0.41,200
008930,10673,34.8,3.29,1010,0.57,200
128940,70131,47.23,4.48,6648,0.16,500
009240,28093,0.0,2.06,0,1.38,800
020000,60819,3.43,0.32,5599,3.91,750
003680,9257,19.88,0.54,250,0.0,0
105630,13687,9.6,1.53,2182,2.39,500
069640,1408,0.0,1.66,0,0.0,0
016450,10535,8.19,0.42,543,5.62,250
010420,2311,15.11,0.6,92,1.8,25
009180,3726,2.83,0.67,882,2.8,70
213500,31224,3.32,0.33,3104,6.79,700
014680,70184,12.69,2.55,14099,1.17,2100
004710,9749,13.65,0.66,468,1.56,100
004150,13522,2.44,0.21,1144,4.29,120
025750,1903,0.0,0.51,0,0.0,0
004960,63050,1.87,0.12,3928,4.09,300
011700,2861,0.0,1.5,0,0.23,10
001750,36091,4.78,0.25,1858,9.0,800
001755,0,0.0,0.0,0,7.47,850
018880,4190,251.05,2.28,38,3.77,360
009420,3319,4470.0,6.73,5,0.0,0
014130,8649,9.09,0.61,581,2.46,130
300720,20910,10.62,0.58,1138,4.8,580
002220,7065,0.0,0.42,0,1.01,30
006390,18827,8.41,0.88,1971,3.62,600
003300,46069,3.99,0.25,2904,6.91,800
051600,27016,14.98,1.23,2226,3.91,1305
052690,14284,141.31,4.67,472,0.42,283
130660,2947,16.07,2.72,499,2.84,228
002320,96471,6.49,0.22,3290,2.81,600
003480,13021,6.11,0.26,563,2.91,100
180640,37047,4.3,1.18,10143,0.39,170
18064K,0,0.0,0.0,0,0.79,195
005110,275,0.0,1.08,0,0.0,0
009460,1851,47.9,0.54,21,1.99,20
372910,4596,15.08,1.09,333,0.0,0
000880,70822,1.82,0.36,14169,2.91,750
00088K,0,0.0,0.0,0,5.78,800
452260,0,0.0,0.0,0,0.0,0
45226K,0,0.0,0.0,0,0.0,0
088350,9020,2.6,0.25,855,0.0,0
000370,1426,2.14,2.78,1856,0.0,0
009830,47292,18.79,0.74,1873,0.0,0
009835,0,0.0,0.0,0,0.0,0
272210,10697,0.0,1.25,0,1.87,250
012450,56612,27.27,1.91,3964,0.93,1000
042660,6945,0.0,5.73,0,0.0,0
000885,0,0.0,0.0,0,2.69,800
003530,7273,0.0,0.34,0,0.0,0
003535,0,0.0,0.0,0,0.0,0
195870,26311,6.68,2.38,9376,1.44,900
101530,9537,0.0,0.58,0,3.62,200
143210,9053,0.0,0.34,0,0.0,0
000720,69028,9.64,0.51,3637,1.71,600
000725,0,0.0,0.0,0,1.25,650
453340,0,0.0,0.0,0,0.0,0
086280,183094,5.41,0.94,31729,3.32,5700
064350,13930,15.89,2.07,1812,0.0,0
079430,21802,0.0,0.37,0,0.0,0
012330,410816,8.49,0.56,27163,1.74,4000
010620,53525,0.0,1.62,0,0.0,0
069960,209760,9.9,0.31,6593,1.99,1300
004560,34806,7.24,0.36,1715,0.81,100
004310,3144,0.0,1.29,0,0.74,30
017800,28992,22.27,1.48,1924,1.17,500
307950,53924,36.83,2.84,4154,0.75,1140
011210,124563,23.35,0.46,2463,1.22,700
004020,142260,4.49,0.24,7736,2.88,1000
005440,20860,5.55,0.17,640,5.91,210
005380,407147,6.48,0.45,28521,3.79,7000
005387,0,0.0,0.0,0,6.77,7100
005389,0,0.0,0.0,0,6.96,7050
005385,0,0.0,0.0,0,6.88,7050
001500,38617,3.14,0.22,2654,6.59,550
011760,36053,3.23,0.59,6554,2.84,600
227840,25341,2.89,0.43,3810,4.55,500
126560,6836,0.0,0.44,0,3.0,90
001450,53896,3.92,0.52,7099,7.06,1965
057050,171103,5.66,0.25,7541,6.09,2600
093240,2200,5.79,0.69,262,0.0,0
003010,10052,0.0,0.56,0,1.07,60
111110,14510,2.77,0.56,2932,3.7,300
008770,14543,0.0,6.11,0,0.22,200
008775,0,0.0,0.0,0,0.47,250
002460,39046,4.62,0.26,2229,4.86,500
378850,4879,6.3,0.86,668,1.19,50
241590,8870,0.0,0.9,0,0.56,45
006060,6884,198.53,0.49,17,5.57,188
013520,3752,27.38,0.46,63,2.9,50
010690,10839,5.71,1.19,2254,0.78,100
133820,2628,0.0,0.7,0,0.0,0
010660,6506,19.19,0.53,180,0.87,30
000850,156939,2.04,0.22,17039,7.19,2500
016580,21845,9.57,0.69,1567,2.0,300
032560,19636,3.15,0.38,2380,2.67,200
004800,128334,77.48,0.47,786,7.39,4500
094280,5956,9.68,2.04,1254,6.18,750
298040,104660,170.37,1.79,1097,0.0,0
298050,158341,15.08,2.67,28053,3.55,15000
298020,283313,117.83,1.12,2686,3.16,10000
298000,36068,0.0,2.66,0,0.0,0
093370,3882,11.48,3.1,1047,0.17,20
081660,31226,6.56,1.2,5720,4.21,1580
005870,11026,7.67,0.49,707,0.0,0
079980,11585,0.0,0.43,0,0.0,0
005010,16181,0.87,0.3,5675,7.13,350
000540,11208,1.35,0.26,2142,0.0,0
000545,0,0.0,0.0,0,0.0,0
003280,544,19.84,3.43,94,0.0,0
