,ticker,name,stock_list
0,1001,코스피,"['005930', '373220', '000660', '207940', '005490', '006400', '051910', '005380', '003670', '035420', '000270', '012330', '035720', '105560', '068270', '028260', '055550', '066570', '096770', '047050', '032830', '003550', '000810', '033780', '329180', '323410', '015760', '086790', '018260', '034020', '009150', '138040', '034730', '017670', '010130', '352820', '316140', '030200', '003490', '024110', '009540', '011200', '010950', '042660', '259960', '001570', '010140', '090430', '051900', '028050', '326030', '086280', '361610', '009830', '402340', '011070', '005830', '377300', '302440', '012450', '011170', '241560', '000100', '036570', '088980', '042700', '005070', '271560', '018880', '047810', '267250', '097950', '004020', '034220', '161390', '032640', '307950', '000720', '006800', '383220', '251270', '011780', '128940', '029780', '078930', '010620', '008770', '005940', '006260', '011790', '035250', '016360', '064350', '021240', '180640', '010120', '071050', '282330', '112610', '039490', '002790', '003410', '004370', '001450', '052690', '267260', '007070', '004990', '272210', '081660', '111770', '000990', '036460', '008930', '028670', '138930', '139480', '030000', '006740', '012750', '020150', '042670', '298050', '088350', '204320', '047040', '014680', '001040', '004170', '007660', '000150', '000880', '023530', '298040', '079550', '175330', '192820', '002380', '026960', '006040', '000120', '001740', '017800', '248070', '336260', '051600', '069960', '010060', '011210', '001440', '004000', '005420', '005850', '006110', '007310', '003620', '267270', '003230', '353200', '108320', '120110', '137310', '145720', '161890', '032350', '073240', '009240', '004800', '006280', '000080', '002710', '298020', '285130', '001120', '375500', '457190', '100090', '139130', '185750', '195870', '069620', '009420', '011810', '018670', '003690', '005300', '006360', '336370', '280360', '001800', '089590', '089860', '093370', '103140', '114090', '181710', '069260', '009900', '009970', '010780', '012510', '014820', '019170', '007340', '395400', '000240', '000670', '001060', '456040', '214320', '003090', '272450', '300720', '082640', '082740', '085620', '090460', '105630', '161000', '178920', '192080', '192650', '039130', '064960', '009450', '016380', '020560', '023590', '003540', '004490', '006120', '006650', '008730', '330590', '348950', '365550', '000210', '001430', '001470', '002350', '002840', '003030', '271940', '268280', '003240', '294870', '344820', '377740', '381970', '383800', '403550', '091810', '097520', '170900', '192400', '030190', '031430', '033240', '034120', '034310', '049770', '057050', '068400', '074610', '011930', '013890', '017960', '018250', '025540', '003470', '003530', '003850', '005180', '005250', '005610', '005880', '007460', '007700', '293940', '000070', '000400', '000640', '001390', '001530', '001680', '001720', '002240', '284740', '210980', '226320', '229640', '241590', '249420', '281820', '286940', '298000', '298690', '306200', '322000', '363280', '453340', '460860', '462520', '084010', '092220', '093050', '093230', '096760', '097230', '102460', '103590', '108670', '122900', '123890', '126560', '126720', '138490', '145990', '183190', '200880', '027410', '029530', '030610', '033270', '034830', '036420', '037270', '037560', '053210', '058430', '058650', '060980', '071320', '071970', '072710', '075580', '077500', '077970', '079160', '009290', '009680', '010690', '011000', '012030', '012630', '014830', '015540', '016800', '017390', '017810', '017940', '018470', '020000', '025860', '026890', '003280', '003300', '003520', '003570', '003920', '004430', '004690', '004700', '005090', '005390', '005500', '005690', '005810', '005950', '006390', '007570', '007690', '007810', '008350', '008490', '088260', '357120', '432320', '448730', '451800', '000370', '000430', '000680', '001200', '001340', '001510', '001780', '001820', '002030', '002310', '002320', '002960', '003000', '003060', '003220', '334890', '350520', '377190', '400760', '404990', '417310', '000020', '000050', '000140', '000180', '000230', '000300', '000320', '000390', '000480', '000490', '000500', '000520', '000540', '000700', '000860', '000970', '001080', '001130', '001230', '001250', '001270', '001360', '001460', '001500', '001520', '001630', '001750', '001790', '001880', '001940', '002020', '002100', '002150', '002170', '002200', '002210', '002390', '002450', '002460', '002600', '002620', '002700', '002780', '002810', '002900', '002990', '003070', '003120', '003160', '003200', '003350', '003460', '003480', '003580', '003650', '003720', '003830', '003960', '004080', '004090', '004100', '004150', '004250', '004310', '004360', '004380', '004560', '004710', '004720', '004830', '004840', '004890', '004920', '004970', '004980', '005010', '005430', '005440', '005680', '005720', '005960', '006060', '006220', '006370', '006490', '006840', '006880', '006890', '007160', '007210', '007280', '007540', '007860', '007980', '008040', '008060', '008260', '008700', '008870', '008970', '009070', '009160', '009190', '009200', '009270', '009410', '009470', '009580', '010040', '010100', '010580', '010600', '010820', '011150', '011280', '011300', '011330', '011500', '011690', '011700', '011760', '012320', '012610', '012690', '012800', '013570', '013580', '014160', '014280', '014530', '014580', '015230', '015360', '015590', '015860', '015890', '016450', '016580', '016590', '016610', '016710', '016740', '017040', '017370', '017550', '017900', '019440', '019680', '020120', '023000', '023450', '023800', '023810', '024090', '024720', '024900', '025000', '025820', '027970', '028100', '029460', '030210', '031440', '032560', '033530', '033920', '034590', '035000', '035150', '035510', '036530', '036580', '037710', '039570', '044450', '044820', '047400', '053690', '055490', '058850', '058860', '063160', '067830', '068290', '069460', '070960', '071840', '078520', '079430', '079980', '081000', '083420', '084680', '084690', '089470', '090350', '092200', '092230', '092790', '094280', '095570', '095720', '100250', '100840', '101530', '102260', '104700', '105840', '107590', '109070', '115390', '117580', '120030', '123690', '128820', '130660', '134380', '136490', '139990', '194370', '210540', '213500', '214330', '214390', '214420', '227840', '234080', '248170', '264900', '267290', '267850', '271980', '272550', '282690', '293480', '308170', '317400', '339770', '372910', '380440', '446070', '450140', '452260', '460850', '021050', '021820', '023150', '023350', '023960', '024070', '024890', '025530', '025560', '025620', '025750', '025890', '026940', '027740', '030720', '030790', '031820', '033180', '033250', '034300', '041650', '044380', '049800', '051630', '058730', '069640', '069730', '071090', '071950', '072130', '075180', '078000', '084670', '084870', '085310', '088790', '090080', '090370', '091090', '092440', '092780', '093240', '100220', '101140', '102280', '111110', '118000', '119650', '123700', '129260', '133820', '134790', '143210', '145210', '155660', '163560', '244920', '378850', '005740', '005750', '005800', '005820', '005870', '006090', '006200', '006340', '006380', '006570', '006660', '006980', '007110', '007120', '007590', '007610', '008110', '008250', '008420', '008500', '008600', '009140', '009180', '009310', '009320', '009440', '009460', '009770', '009810', '010400', '010420', '010640', '010660', '010770', '010960', '011090', '011230', '011390', '011420', '012160', '012170', '012200', '012280', '012600', '013000', '013360', '013520', '013700', '013870', '014130', '014440', '014710', '014790', '014910', '014990', '015020', '015260', '016090', '016880', '017180', '018500', '019180', '019490', '020760', '140910', '145270', '204210', '338100', '357250', '357430', '396690', '155900', '000040', '000220', '000590', '000650', '000760', '000850', '000890', '000910', '000950', '001020', '001070', '001140', '001210', '001260', '001290', '001380', '001420', '001550', '001560', '001620', '001770', '002070', '002140', '002220', '002360', '002410', '002420', '002630', '002690', '002720', '002760', '002820', '002870', '002880', '002920', '003010', '003080', '003560', '003610', '003680', '003780', '004060', '004140', '004270', '004410', '004440', '004450', '004540', '004770', '004870', '004910', '004960', '005030', '005110', '005320', '005360']"
1,1002,코스피 대형주,"['005930', '373220', '000660', '207940', '005490', '006400', '051910', '005380', '003670', '035420', '000270', '012330', '035720', '105560', '068270', '028260', '055550', '096770', '066570', '047050', '032830', '003550', '000810', '033780', '323410', '086790', '329180', '015760', '018260', '034020', '009150', '138040', '034730', '010130', '017670', '352820', '316140', '030200', '010950', '024110', '009540', '003490', '011200', '090430', '259960', '010140', '051900', '028050', '326030', '086280', '009830', '361610', '402340', '011070', '377300', '012450', '005830', '302440', '011170', '000100', '241560', '036570', '088980', '271560', '161390', '034220', '047810', '018880', '097950', '004020', '267250', '032640', '307950', '006800', '000720', '383220', '251270', '128940', '011780', '010620', '008770', '078930', '029780', '011790', '035250', '005940', '064350', '016360', '021240', '071050', '003410', '112610', '002790', '282330', '004990', '028670', '007070', '036460', '137310']"
2,1003,코스피 중형주,"['042660', '001570', '042700', '005070', '006260', '180640', '010120', '004370', '001450', '052690', '039490', '272210', '267260', '111770', '008930', '000990', '081660', '020150', '030000', '138930', '012750', '042670', '139480', '023530', '088350', '004170', '001040', '298050', '204320', '000150', '014680', '047040', '000120', '002380', '000880', '298040', '175330', '026960', '079550', '017800', '192820', '006040', '001740', '010060', '069960', '248070', '336260', '004000', '001440', '005850', '051600', '011210', '005420', '006110', '007310', '108320', '003230', '298020', '073240', '267270', '120110', '353200', '009240', '000080', '006280', '145720', '004800', '161890', '032350', '139130', '006360', '005300', '069620', '001120', '375500', '009420', '018670', '336370', '003690', '195870', '280360', '285130', '093370', '185750', '009900', '009970', '114090', '014820', '089860', '012510', '001060', '000240', '089590', '010780', '000670', '103140', '001800', '007340', '019170', '069260', '395400', '181710', '300720', '271940', '178920', '016380', '001430', '365550', '020560', '023590', '003090', '330590', '214320', '039130', '348950', '008730', '002840', '000210', '105630', '002350', '006650', '006120', '003030', '082740', '009450', '192650', '192080', '003540', '085620', '064960', '004490', '272450', '082640', '294870', '007700', '003240', '344820', '031430', '005250', '268280', '192400', '003850', '001680', '383800', '017960', '007460', '000070', '000640', '049770', '381970', '018250', '005880', '005610', '033240', '025540', '002240', '000400', '293940', '001720', '003530', '034120', '091810', '170900', '013890', '057050', '034310', '284740', '403550', '003470', '097520', '000370', '357120', '003000', '241590', '020000', '210980', '005690', '004430', '003520', '249420', '093050', '004690', '005950', '005090', '025860', '014830', '432320', '363280', '079160', '322000', '017390', '011000', '006220', '036420', '005440', '004360', '016710', '001230', '004890']"
3,1004,코스피 소형주,"['006740', '007660', '003620', '002710', '011810', '161000', '001470', '068400', '001390', '011930', '005180', '001530', '074610', '007690', '145990', '003280', '108670', '103590', '017810', '010690', '281820', '033270', '058650', '001200', '200880', '077500', '306200', '015540', '001820', '183190', '286940', '017940', '000680', '226320', '007810', '123890', '003220', '000430', '060980', '012630', '058430', '002030', '012030', '003060', '075580', '018470', '027410', '298690', '001340', '003300', '003570', '005810', '016800', '093230', '126560', '298000', '001780', '009290', '003920', '008350', '008490', '002310', '029530', '030610', '037270', '229640', '077970', '092220', '071970', '026890', '084010', '097230', '006390', '088260', '002320', '004700', '138490', '034830', '037560', '053210', '007570', '126720', '005390', '005500', '072710', '071320', '096760', '009680', '122900', '001510', '102460', '024720', '115390', '003120', '001940', '002960', '001790', '079980', '130660', '001630', '016580', '009160', '010600', '002150', '084690', '095720', '272550', '011760', '001500', '005010', '000020', '036530', '053690', '293480', '001460', '006840', '002900', '003960', '004380', '001880', '037710', '104700', '015890', '271980', '000480', '213500', '027970', '029460', '030210', '010580', '000050', '000490', '001520', '102260', '334890', '001270', '002810', '011500', '071840', '450140', '001130', '002020', '003160', '003200', '004980', '005720', '234080', '008060', '016590', '035510', '081000', '139990', '007210', '001250', '003070', '004250', '009580', '339770', '015860', '025000', '092230', '107590', '015590', '000140', '002990', '003720', '004560', '004710', '007160', '317400', '014580', '020120', '078520', '105840', '136490', '012320', '377190', '117580', '001360', '002100', '006060', '011330', '014280', '015230', '015360', '019680', '024900', '039570', '084680', '095570', '000540', '404990', '417310', '002390', '008260', '012610', '017370', '100250', '035150', '044450', '083420', '090350', '092200', '033530', '001080', '248170', '002780', '005680', '007540', '007860', '010820', '011280', '011700', '016450', '016610', '028100', '055490', '068290', '123690', '194370', '214390', '002620', '000320', '000390', '003580', '006890', '011300', '011690', '214330', '033920', '079430', '100840', '101530', '128820', '012800', '000700', '282690', '002170', '002210', '008040', '008700', '009410', '013570', '014530', '023800', '025820', '031440', '070960', '109070', '134380', '214420', '000970', '000500', '000860', '003350', '003830', '004970', '005960', '372910', '010100', '017900', '036580', '069460', '094280', '210540', '006490', '400760', '267850', '004080', '005430', '006370', '009190', '009270', '010040', '013580', '014160', '017550', '024090', '032560', '047400', '058850', '089470', '000180', '002200', '002700', '003460', '003650', '004310', '004830', '308170', '011150', '019440', '023000', '063160', '120030', '009070', '000230', '267290', '001750', '004090', '004100', '004150', '004920', '006880', '007280', '007980', '009470', '016740', '017040', '023450', '034590', '058860', '264900', '000520', '350520', '000300', '002450', '002460', '002600', '003480', '446070', '008970', '023810', '044820', '067830', '227840', '380440', '004840', '002140', '244920', '004060', '004140', '004720', '008870', '009200', '010660', '012690', '016090', '016880', '018500', '021050', '024890', '031820', '035000', '078000', '092440', '101140', '003610', '396690', '163560', '000910', '001260', '001560', '002220', '002720', '002760', '003780', '004540', '004770', '004910', '004960', '005360', '005740', '005800', '006340', '007110', '007590', '009440', '010960', '013360', '013520', '013870', '014790', '027740', '033180', '058730', '075180', '085310', '145210', '000220', '338100', '378850', '000650', '000850', '000890', '001290', '002360', '002630', '002920', '003010', '004270', '004410', '004450', '005870', '006090', '006660', '008110', '008250', '009320', '009810', '011230', '012600', '013700', '014710', '015260', '017180', '025750', '041650', '069640', '090080', '111110', '155660', '357430', '000590', '143210', '001550', '001620', '006980', '008420', '009180', '011390', '012160', '012170', '014130', '014440', '014990', '019490', '021820', '023350', '023960', '026940', '049800', '069730', '071090', '090370', '092780', '102280', '123700', '129260', '134790', '001380', '357250', '119650', '002410', '002880', '003080', '003560', '004440', '004870', '005750', '006570', '007610', '009460', '009770', '010640', '011420', '012200', '019180', '020760', '025530', '034300', '091090', '100220', '001070', '145270', '133820', '000040', '000760', '001140', '005320', '005820', '006200', '010770', '012280', '023150', '051630', '072130', '084870', '093240', '118000', '155900', '000950', '084670', '001420', '002070', '002420', '002690', '003680', '005030', '005110', '006380', '007120', '009140', '010400', '011090', '013000', '014910', '024070', '025560', '025620', '030720', '044380', '001020', '204210', '001210', '001770', '002820', '002870', '088790', '009310', '010420', '015020', '025890', '033250', '008600', '140910', '071950', '030790', '008500']"
4,1005,음식료품,"['271560', '097950', '004370', '007310', '003230', '000080', '005300', '280360', '001680', '049770', '005610', '005180', '145990', '017810', '003920', '001790', '003960', '001130', '136490', '248170', '101530', '033920', '008040', '036580', '011150', '264900', '002600', '002140', '027740', '006090', '000890', '014710', '004410', '006980', '023150', '003680']"
5,1006,섬유의복,"['383220', '105630', '020000', '093050', '001460', '003200', '016450', '011300', '009270', '007980', '016090', '003610', '005800', '111110', '102280', '014990', '090370', '001070', '005820', '093240', '084870', '002070', '000950', '008500']"
6,1007,종이목재,"['006740', '002310', '213500', '027970', '016590', '009580', '011280', '014160', '002200', '446070', '012690', '009200', '004540', '025750', '008250', '009770', '009460', '001020', '002820']"
7,1008,화학,"['051910', '096770', '010950', '090430', '001570', '051900', '009830', '011170', '005070', '161390', '011780', '011790', '002790', '298050', '014680', '002380', '000880', '192820', '010060', '004000', '005420', '298020', '120110', '073240', '161890', '457190', '285130', '093370', '014820', '456040', '069260', '178920', '000210', '008730', '002840', '006650', '002350', '161000', '003240', '268280', '018250', '001390', '007690', '108670', '004430', '005950', '014830', '226320', '025860', '001340', '298000', '008490', '138490', '115390', '002960', '079980', '272550', '015890', '011500', '004250', '005720', '092230', '078520', '081000', '025000', '002100', '006060', '003720', '012610', '035150', '100250', '083420', '090350', '055490', '000390', '282690', '006890', '000860', '003350', '214420', '014530', '134380', '003830', '003650', '089470', '004830', '023450', '004840', '024890', '004910', '002360', '002760', '163560', '007590', '003780', '001550', '014440', '003080', '006380', '051630', '024070', '010640', '025620']"
8,1009,의약품,"['207940', '068270', '302440', '000100', '128940', '006280', '069620', '009420', '185750', '001060', '019170', '003090', '003850', '170900', '377740', '003000', '003520', '033270', '249420', '005690', '003220', '003060', '009290', '011000', '005500', '007570', '102460', '003120', '001630', '016580', '000020', '293480', '271980', '234080', '001360', '214390', '002390', '002210', '063160', '004310', '000230', '000520', '004720', '000220', '002720', '017180', '002630']"
9,1010,비금속광물,"['003410', '010780', '300720', '344820', '462520', '183190', '003300', '006390', '000480', '001520', '004980', '007210', '014580', '047400', '010040', '004090', '008870', '000910', '001560', '011390', '005750', '004870', '004440']"
10,1011,철강금속,"['005490', '010130', '004020', '006110', '002710', '100090', '000670', '103140', '001430', '016380', '002240', '460860', '058650', '306200', '058430', '018470', '008350', '001780', '084010', '001940', '092790', '009160', '005010', '104700', '460850', '139990', '004560', '014280', '001230', '008260', '012800', '001080', '000970', '025820', '069460', '024090', '004890', '032560', '019440', '009190', '007280', '008970', '021050', '002220', '026940', '071090', '155660', '069730', '008420', '012160', '133820', '002690', '001770']"
11,1012,기계,"['034020', '241560', '042700', '018880', '112610', '042670', '017800', '079550', '267270', '082740', '017960', '007460', '074610', '077970', '071970', '002900', '004380', '000490', '015590', '017370', '010820', '011700', '100840', '210540', '017550', '120030', '092440', '010660', '058730', '145210', '085310', '004450', '000850', '012600', '049800', '119650', '006570', '012200', '091090', '025890', '009310']"
12,1013,전기전자,"['005930', '373220', '000660', '006400', '003670', '066570', '009150', '361610', '011070', '034220', '010120', '272210', '267260', '000990', '020150', '007660', '298040', '248070', '336260', '001440', '108320', '353200', '336370', '195870', '007340', '192650', '090460', '004490', '009450', '025540', '033240', '011930', '097520', '103590', '001820', '007810', '092220', '029530', '322000', '004710', '017900', '017040', '011690', '009470', '008700', '005680', '000500', '109070', '020760', '019490', '033180', '004770', '005870', '019180', '000300', '015260', '011230', '008110', '007610', '006340', '009140', '001210', '014910', '044380']"
13,1014,의료정밀,"['137310', '145720', '281820', '029460', '003160', '105840', '372910', '025560']"
14,1015,운수장비,"['005380', '000270', '012330', '329180', '042660', '010140', '012450', '047810', '010620', '064350', '204320', '005850', '003620', '011210', '009900', '271940', '064960', '010690', '200880', '000430', '075580', '003570', '009680', '010580', '015230', '092200', '024900', '033530', '214330', '023800', '010100', '004100', '023000', '308170', '016740', '023810', '013520', '013870', '075180', '018500', '041650', '021820', '009320', '006660', '002920', '378850', '143210', '092780', '090080', '002880', '123700', '001380', '001620', '010770', '005030', '000040', '012280', '001420', '033250']"
15,1016,유통업,"['028260', '047050', '008770', '282330', '007070', '111770', '081660', '139480', '023530', '004170', '026960', '001740', '069960', '009240', '001120', '018670', '011810', '031430', '381970', '001530', '057050', '453340', '077500', '017940', '000680', '093230', '005390', '122900', '010600', '011760', '452260', '037710', '000050', '071840', '002810', '450140', '001250', '339770', '123690', '128820', '006370', '004080', '002700', '067830', '006880', '227840', '101140', '004060', '005360', '007110', '004270', '003010', '069640', '009810', '025530', '005320', '000760', '118000', '013000', '005110', '002420', '002870', '010420', '008600', '088790']"
16,1017,전기가스업,"['015760', '036460', '004690', '005090', '017390', '071320', '117580', '267290', '034590', '003480']"
17,1018,건설업,"['000720', '047040', '051600', '006360', '375500', '001470', '294870', '097230', '126720', '001880', '003070', '002990', '039570', '002780', '028100', '009410', '005960', '013580', '002460', '014790', '001260', '013360', '010960', '004960', '013700', '002410', '023960', '034300', '010400']"
18,1019,운수창고업,"['003490', '011200', '086280', '180640', '028670', '000120', '089590', '020560', '272450', '005880', '091810', '003280', '298690', '002320', '004360', '044450', '005430', '009070', '004140', '000650', '129260', '014130', '009180', '001140', '084670']"
19,1020,통신업,"['017670', '030200', '032640', '126560', '006490']"
20,1021,금융업,"['105560', '055550', '032830', '003550', '000810', '323410', '086790', '138040', '034730', '316140', '024110', '009540', '402340', '005830', '377300', '088980', '267250', '006800', '078930', '029780', '005940', '006260', '016360', '071050', '001450', '039490', '004990', '008930', '138930', '001040', '088350', '000150', '175330', '006040', '004800', '139130', '003690', '009970', '000240', '001800', '003030', '006120', '085620', '003540', '082640', '007700', '192400', '000640', '383800', '000070', '000400', '003530', '001720', '003470', '000370', '001200', '123890', '012630', '060980', '363280', '027410', '005810', '229640', '072710', '034830', '030610', '026890', '006220', '096760', '001510', '036530', '001500', '084690', '024720', '030210', '006840', '005440', '002020', '008060', '001270', '107590', '000140', '000540', '015860', '012320', '016610', '007540', '007860', '013570', '000320', '004150', '003460', '001750', '380440', '044820', '244920', '005740', '000590', '001290', '009440', '006200']"
21,1024,증권,"['006800', '005940', '016360', '039490', '003540', '003530', '001720', '003470', '001200', '030610', '001510', '001500', '030210', '001270', '016610', '003460', '001750', '001290']"
22,1025,보험,"['032830', '000810', '005830', '001450', '088350', '003690', '085620', '082640', '000400', '000370', '000540']"
23,1026,서비스업,"['035420', '035720', '018260', '352820', '259960', '028050', '326030', '036570', '307950', '251270', '035250', '021240', '052690', '030000', '012750', '032350', '012510', '114090', '089860', '181710', '395400', '365550', '214320', '330590', '023590', '348950', '039130', '192080', '005250', '068400', '030190', '293940', '034120', '034310', '284740', '403550', '357120', '210980', '015540', '286940', '448730', '002030', '451800', '432320', '012030', '079160', '037270', '088260', '037560', '053210', '036420', '002150', '130660', '095720', '053690', '102260', '334890', '035510', '016710', '377190', '095570', '020120', '019680', '317400', '015360', '404990', '417310', '002620', '068290', '070960', '000700', '031440', '267850', '058850', '094280', '000180', '400760', '350520', '058860', '396690', '078000', '035000', '031820', '016880', '357430', '338100', '023350', '003560', '357250', '100220', '011420', '012170', '145270', '155900', '007120', '072130', '204210', '015020', '030790', '140910']"
24,1027,제조업,"['005930', '373220', '000660', '207940', '005490', '006400', '051910', '005380', '003670', '000270', '012330', '068270', '096770', '066570', '033780', '329180', '034020', '009150', '010130', '010950', '042660', '090430', '001570', '010140', '051900', '009830', '361610', '011070', '302440', '012450', '011170', '000100', '042700', '241560', '005070', '271560', '018880', '047810', '034220', '161390', '004020', '097950', '383220', '128940', '011780', '011790', '010620', '064350', '010120', '112610', '004370', '003410', '002790', '272210', '267260', '000990', '006740', '020150', '042670', '204320', '007660', '014680', '298050', '298040', '017800', '002380', '000880', '079550', '192820', '248070', '010060', '004000', '336260', '011210', '001440', '003620', '007310', '005850', '006110', '005420', '137310', '145720', '267270', '298020', '353200', '006280', '108320', '120110', '000080', '002710', '003230', '073240', '161890', '069620', '009420', '005300', '100090', '185750', '195870', '280360', '009900', '336370', '457190', '093370', '285130', '456040', '010780', '014820', '019170', '103140', '000670', '001060', '007340', '178920', '271940', '300720', '016380', '069260', '090460', '008730', '000210', '001430', '002350', '002840', '003090', '006650', '105630', '161000', '192650', '268280', '344820', '064960', '009450', '001680', '003240', '003850', '004490', '082740', '170900', '007690', '011930', '013890', '017960', '018250', '025540', '033240', '049770', '074610', '097520', '001390', '002240', '005180', '005610', '007460', '377740', '145990', '007810', '200880', '226320', '241590', '249420', '281820', '306200', '460860', '462520', '010690', '014830', '017810', '018470', '020000', '025860', '033270', '058430', '058650', '075580', '093050', '103590', '108670', '000430', '001340', '001820', '003000', '003060', '003220', '003300', '003520', '004430', '005690', '005950', '183190', '000020', '000480', '000490', '001130', '001460', '001520', '001630', '001780', '001790', '001940', '002310', '002900', '002960', '003120', '003160', '003200', '003570', '003920', '003960', '004250', '004380', '004700', '004980', '005010', '005500', '005720', '006390', '007210', '007570', '008350', '008490', '009160', '009290', '009580', '009680', '010580', '011000', '011500', '015590', '015890', '016580', '016590', '016800', '025000', '027970', '029460', '029530', '071970', '077970', '078520', '079980', '081000', '084010', '092220', '092230', '092790', '102460', '104700', '105840', '115390', '138490', '139990', '213500', '234080', '271980', '272550', '293480', '298000', '322000', '460850', '033920', '035150', '036580', '041650', '047400', '049800', '055490', '058730', '063160', '069460', '071090', '075180', '079430', '083420', '084680', '085310', '089470', '090080', '090350', '092200', '092440', '092780', '100250', '100840', '101530', '102280', '109070', '111110', '120030', '134380', '136490', '143210', '145210', '155660', '163560', '194370', '210540', '214330', '214390', '214420', '248170', '264900', '282690', '308170', '372910', '378850', '446070', '008110', '008250', '008260', '008700', '008870', '008970', '009190', '009200', '009270', '009320', '009470', '010040', '010100', '010660', '010820', '011150', '011230', '011280', '011300', '011330', '011390', '011690', '011700', '012600', '012610', '012690', '012800', '013520', '013870', '014160', '014280', '014440', '014530', '014580', '014710', '014990', '015230', '015260', '016090', '016450', '016740', '017040', '017180', '017370', '017550', '017900', '018500', '019440', '021050', '021820', '023000', '023450', '023800', '023810', '024090', '024890', '024900', '025750', '025820', '026940', '027740', '032560', '033180', '033530', '000220', '000230', '000300', '000390', '000500', '000520', '000850', '000860', '000890', '000910', '000970', '001080', '001230', '001360', '001550', '001560', '002100', '002140', '002170', '002200', '002210', '002220', '002360', '002390', '002450', '002600', '002630', '002720', '002760', '002920', '003350', '003610', '003650', '003720', '003780', '003830', '004090', '004100', '004310', '004410', '004450', '004540', '004560', '004710', '004720', '004770', '004830', '004840', '004890', '004910', '004920', '005680', '005800', '005870', '006060', '006090', '006340', '006660', '006890', '006980', '007280', '007590', '007980', '008040', '000040', '134790', '001020', '001070', '001210', '001380', '001420', '001620', '001770', '002070', '002690', '002820', '002880', '003080', '003680', '004440', '004870', '005030', '005750', '005820', '006380', '006570', '007610', '008420', '008500', '009140', '009310', '009460', '009770', '010640', '010770', '011090', '012160', '012200', '012280', '014910', '019180', '019490', '020760', '023150', '024070', '025560', '025620', '025890', '033250', '044380', '051630', '069730', '071950', '084870', '090370', '091090', '093240', '119650', '123700', '133820', '000950']"
25,1028,코스피 200,"['005930', '373220', '000660', '207940', '005490', '006400', '051910', '005380', '003670', '035420', '000270', '012330', '035720', '105560', '068270', '028260', '055550', '066570', '096770', '047050', '032830', '003550', '000810', '033780', '323410', '086790', '329180', '015760', '018260', '034020', '138040', '009150', '034730', '017670', '010130', '352820', '316140', '030200', '003490', '009540', '024110', '011200', '010950', '042660', '090430', '001570', '010140', '259960', '051900', '028050', '326030', '086280', '361610', '402340', '011070', '009830', '377300', '012450', '005830', '011170', '302440', '241560', '036570', '000100', '018880', '271560', '161390', '267250', '047810', '034220', '004020', '032640', '097950', '383220', '006800', '000720', '128940', '011780', '251270', '005940', '006260', '078930', '010620', '011790', '008770', '016360', '064350', '035250', '029780', '021240', '180640', '112610', '282330', '001450', '071050', '003410', '004370', '010120', '002790', '004990', '052690', '039490', '111770', '008930', '007070', '272210', '000990', '020150', '028670', '030000', '036460', '081660', '012750', '023530', '139480', '138930', '042670', '000150', '000880', '001040', '002380', '298050', '014680', '047040', '088350', '204320', '004170', '000120', '001740', '017800', '192820', '079550', '175330', '026960', '001440', '004000', '005420', '005850', '336260', '011210', '051600', '069960', '010060', '000080', '003230', '004800', '006280', '298020', '009240', '073240', '120110', '137310', '007310', '001120', '005300', '006360', '009420', '375500', '069620', '139130', '161890', '032350', '000240', '000670', '009900', '010780', '014820', '285130', '103140', '114090', '185750', '280360', '093370', '000210', '001800', '003090', '016380', '300720', '020560', '069260', '178920', '271940', '019170', '001680', '003240', '003850', '004490', '005250', '294870', '008730', '031430', '039130', '105630', '192080', '006650', '013890', '020000', '381970', '284740', '057050']"
26,1034,코스피 100,"['005930', '373220', '000660', '207940', '005490', '006400', '051910', '005380', '003670', '035420', '000270', '012330', '035720', '068270', '105560', '028260', '055550', '096770', '066570', '047050', '032830', '003550', '000810', '033780', '323410', '086790', '329180', '015760', '018260', '034020', '009150', '138040', '034730', '010130', '017670', '352820', '316140', '030200', '010950', '024110', '003490', '009540', '011200', '042660', '090430', '010140', '259960', '051900', '028050', '326030', '086280', '361610', '402340', '011070', '009830', '012450', '377300', '005830', '011170', '302440', '241560', '036570', '000100', '271560', '161390', '047810', '034220', '018880', '097950', '004020', '267250', '032640', '006800', '383220', '000720', '251270', '128940', '011780', '008770', '078930', '035250', '029780', '005940', '011790', '021240', '016360', '071050', '180640', '003410', '282330', '002790', '004990', '008930', '007070', '036460', '030000', '012750', '139480', '023530', '137310']"
27,1035,코스피 50,"['005930', '373220', '000660', '207940', '005490', '006400', '051910', '005380', '003670', '035420', '000270', '012330', '105560', '035720', '068270', '028260', '055550', '096770', '066570', '032830', '003550', '000810', '033780', '323410', '086790', '015760', '018260', '034020', '009150', '034730', '017670', '010130', '352820', '316140', '030200', '024110', '009540', '011200', '010950', '090430', '259960', '051900', '326030', '086280', '377300', '302440', '011170', '036570', '034220', '251270']"
28,1150,코스피 200 커뮤니케이션서비스,"['035420', '035720', '017670', '352820', '030200', '259960', '036570', '032640', '251270', '030000']"
29,1151,코스피 200 건설,"['003670', '028050', '000720', '003410', '052690', '047040', '006360', '375500', '010780', '300720', '294870']"
30,1152,코스피 200 중공업,"['329180', '034020', '009540', '042660', '010140', '241560', '010620', '064350', '112610', '042670', '000150', '017800']"
31,1153,코스피 200 철강/소재,"['005490', '010130', '004020', '014820', '000670', '103140', '016380', '008730']"
32,1154,코스피 200 에너지/화학,"['051910', '096770', '034730', '010950', '001570', '361610', '009830', '011170', '267250', '011780', '078930', '011790', '298050', '014680', '000880', '002380', '010060', '004000', '005420', '298020', '120110', '004800', '093370', '285130', '069260', '178920', '000210', '006650', '003240']"
33,1155,코스피 200 정보기술,"['005930', '000660', '006400', '066570', '003550', '018260', '009150', '402340', '011070', '034220', '000990', '020150']"
34,1156,코스피 200 금융,"['105560', '055550', '032830', '000810', '323410', '086790', '138040', '316140', '024110', '005830', '377300', '006800', '005940', '029780', '016360', '071050', '001450', '039490', '138930', '088350', '175330', '139130']"
35,1157,코스피 200 생활소비재,"['033780', '015760', '090430', '051900', '271560', '097950', '004370', '002790', '282330', '004990', '007070', '036460', '139480', '001040', '026960', '192820', '007310', '003230', '000080', '161890', '005300', '280360', '001800', '001680']"
36,1158,코스피 200 경기소비재,"['005380', '000270', '012330', '018880', '161390', '383220', '008770', '035250', '021240', '111770', '081660', '023530', '004170', '204320', '069960', '005850', '011210', '073240', '009240', '032350', '009900', '114090', '000240', '271940', '039130', '105630', '192080', '004490', '031430', '381970', '284740', '057050', '013890', '020000']"
37,1159,코스피 200 산업재,"['373220', '028260', '047050', '003490', '011200', '086280', '012450', '047810', '006260', '180640', '010120', '272210', '028670', '012750', '000120', '079550', '001740', '336260', '001440', '051600', '001120', '020560']"
38,1160,코스피 200 헬스케어,"['207940', '068270', '326030', '302440', '000100', '128940', '008930', '137310', '006280', '069620', '009420', '185750', '019170', '003090', '005250', '003850']"
39,1167,코스피 200 중소형주,"['001570', '010620', '006260', '064350', '010120', '004370', '112610', '001450', '052690', '039490', '272210', '111770', '028670', '000990', '081660', '020150', '138930', '042670', '004170', '088350', '001040', '298050', '204320', '014680', '000150', '047040', '002380', '000120', '000880', '026960', '017800', '175330', '079550', '001740', '192820', '069960', '010060', '336260', '004000', '001440', '005850', '051600', '011210', '005420', '007310', '298020', '003230', '120110', '073240', '000080', '009240', '006280', '004800', '161890', '032350', '139130', '005300', '006360', '069620', '001120', '375500', '009420', '280360', '285130', '093370', '185750', '009900', '114090', '000240', '014820', '000670', '103140', '010780', '001800', '019170', '069260', '300720', '271940', '178920', '016380', '020560', '003090', '008730', '039130', '000210', '006650', '105630', '192080', '004490', '003240', '294870', '005250', '031430', '001680', '003850', '381970', '284740', '057050', '013890', '020000']"
40,1182,코스피 200 초대형제외 지수,"['373220', '000660', '207940', '005490', '006400', '051910', '005380', '003670', '035420', '000270', '012330', '035720', '105560', '068270', '028260', '055550', '066570', '096770', '047050', '032830', '003550', '000810', '033780', '323410', '086790', '015760', '329180', '034020', '018260', '009150', '138040', '034730', '017670', '010130', '352820', '316140', '030200', '009540', '024110', '003490', '010950', '011200', '042660', '010140', '090430', '001570', '259960', '051900', '028050', '326030', '086280', '361610', '402340', '011070', '009830', '377300', '005830', '011170', '302440', '012450', '036570', '000100', '241560', '271560', '018880', '034220', '267250', '161390', '047810', '097950', '004020', '032640', '006800', '000720', '383220', '011780', '251270', '128940', '008770', '078930', '010620', '005940', '006260', '035250', '029780', '011790', '064350', '016360', '021240', '003410', '004370', '180640', '071050', '010120', '001450', '002790', '282330', '112610', '052690', '004990', '272210', '039490', '007070', '111770', '008930', '000990', '081660', '036460', '028670', '020150', '138930', '030000', '001040', '004170', '012750', '139480', '042670', '088350', '023530', '000120', '000150', '000880', '298050', '014680', '047040', '204320', '002380', '017800', '175330', '079550', '026960', '001440', '001740', '004000', '336260', '069960', '192820', '010060', '005420', '005850', '051600', '011210', '007310', '000080', '003230', '004800', '006280', '298020', '073240', '120110', '137310', '161890', '009240', '001120', '005300', '006360', '375500', '032350', '069620', '139130', '009420', '009900', '093370', '285130', '280360', '185750', '000240', '000670', '001800', '114090', '014820', '019170', '103140', '010780', '000210', '003090', '006650', '008730', '016380', '020560', '300720', '069260', '105630', '178920', '192080', '271940', '039130', '001680', '003240', '003850', '294870', '005250', '031430', '004490', '013890', '381970', '284740', '057050', '020000']"
41,1224,코스피 200 비중상한 30%,"['005930', '373220', '000660', '207940', '005490', '006400', '051910', '005380', '003670', '035420', '000270', '012330', '035720', '105560', '068270', '028260', '055550', '066570', '096770', '047050', '032830', '003550', '000810', '033780', '323410', '086790', '329180', '015760', '018260', '034020', '138040', '009150', '034730', '017670', '010130', '352820', '316140', '030200', '003490', '009540', '024110', '011200', '010950', '042660', '090430', '001570', '010140', '259960', '051900', '028050', '326030', '086280', '361610', '402340', '011070', '009830', '377300', '012450', '005830', '011170', '302440', '241560', '036570', '000100', '018880', '271560', '161390', '267250', '047810', '034220', '004020', '032640', '097950', '383220', '006800', '000720', '128940', '011780', '251270', '005940', '006260', '078930', '010620', '011790', '008770', '016360', '064350', '035250', '029780', '021240', '180640', '112610', '282330', '001450', '071050', '003410', '004370', '010120', '002790', '004990', '052690', '039490', '111770', '008930', '007070', '272210', '000990', '020150', '028670', '030000', '036460', '081660', '012750', '023530', '139480', '138930', '042670', '000150', '000880', '001040', '002380', '298050', '014680', '047040', '088350', '204320', '004170', '000120', '001740', '017800', '192820', '079550', '175330', '026960', '001440', '004000', '005420', '005850', '336260', '011210', '051600', '069960', '010060', '000080', '003230', '004800', '006280', '298020', '009240', '073240', '120110', '137310', '007310', '001120', '005300', '006360', '009420', '375500', '069620', '139130', '161890', '032350', '000240', '000670', '009900', '010780', '014820', '285130', '103140', '114090', '185750', '280360', '093370', '000210', '001800', '003090', '016380', '300720', '020560', '069260', '178920', '271940', '019170', '001680', '003240', '003850', '004490', '005250', '294870', '008730', '031430', '039130', '105630', '192080', '006650', '013890', '020000', '381970', '284740', '057050']"
42,1227,코스피 200 비중상한 25%,"['005930', '373220', '000660', '207940', '005490', '006400', '051910', '005380', '003670', '035420', '000270', '012330', '035720', '105560', '068270', '028260', '055550', '066570', '096770', '047050', '032830', '003550', '000810', '033780', '323410', '086790', '329180', '015760', '018260', '034020', '138040', '009150', '034730', '017670', '010130', '352820', '316140', '030200', '003490', '009540', '024110', '011200', '010950', '042660', '090430', '001570', '010140', '259960', '051900', '028050', '326030', '086280', '361610', '402340', '011070', '009830', '377300', '012450', '005830', '011170', '302440', '241560', '036570', '000100', '018880', '271560', '161390', '267250', '047810', '034220', '004020', '032640', '097950', '383220', '006800', '000720', '128940', '011780', '251270', '005940', '006260', '078930', '010620', '011790', '008770', '016360', '064350', '035250', '029780', '021240', '180640', '112610', '282330', '001450', '071050', '003410', '004370', '010120', '002790', '004990', '052690', '039490', '111770', '008930', '007070', '272210', '000990', '020150', '028670', '030000', '036460', '081660', '012750', '023530', '139480', '138930', '042670', '000150', '000880', '001040', '002380', '298050', '014680', '047040', '088350', '204320', '004170', '000120', '001740', '017800', '192820', '079550', '175330', '026960', '001440', '004000', '005420', '005850', '336260', '011210', '051600', '069960', '010060', '000080', '003230', '004800', '006280', '298020', '009240', '073240', '120110', '137310', '007310', '001120', '005300', '006360', '009420', '375500', '069620', '139130', '161890', '032350', '000240', '000670', '009900', '010780', '014820', '285130', '103140', '114090', '185750', '280360', '093370', '000210', '001800', '003090', '016380', '300720', '020560', '069260', '178920', '271940', '019170', '001680', '003240', '003850', '004490', '005250', '294870', '008730', '031430', '039130', '105630', '192080', '006650', '013890', '020000', '381970', '284740', '057050']"
43,1232,코스피 200 비중상한 20%,"['005930', '373220', '000660', '207940', '005490', '006400', '051910', '005380', '003670', '035420', '000270', '012330', '035720', '105560', '068270', '028260', '055550', '066570', '096770', '047050', '032830', '003550', '000810', '033780', '323410', '086790', '329180', '015760', '018260', '034020', '138040', '009150', '034730', '017670', '010130', '352820', '316140', '030200', '003490', '009540', '024110', '011200', '010950', '042660', '090430', '001570', '010140', '259960', '051900', '028050', '326030', '086280', '361610', '402340', '011070', '009830', '377300', '012450', '005830', '011170', '302440', '241560', '036570', '000100', '018880', '271560', '161390', '267250', '047810', '034220', '004020', '032640', '097950', '383220', '006800', '000720', '128940', '011780', '251270', '005940', '006260', '078930', '010620', '011790', '008770', '016360', '064350', '035250', '029780', '021240', '180640', '112610', '282330', '001450', '071050', '003410', '004370', '010120', '002790', '004990', '052690', '039490', '111770', '008930', '007070', '272210', '000990', '020150', '028670', '030000', '036460', '081660', '012750', '023530', '139480', '138930', '042670', '000150', '000880', '001040', '002380', '298050', '014680', '047040', '088350', '204320', '004170', '000120', '001740', '017800', '192820', '079550', '175330', '026960', '001440', '004000', '005420', '005850', '336260', '011210', '051600', '069960', '010060', '000080', '003230', '004800', '006280', '298020', '009240', '073240', '120110', '137310', '007310', '001120', '005300', '006360', '009420', '375500', '069620', '139130', '161890', '032350', '000240', '000670', '009900', '010780', '014820', '285130', '103140', '114090', '185750', '280360', '093370', '000210', '001800', '003090', '016380', '300720', '020560', '069260', '178920', '271940', '019170', '001680', '003240', '003850', '004490', '005250', '294870', '008730', '031430', '039130', '105630', '192080', '006650', '013890', '020000', '381970', '284740', '057050']"
44,1244,코스피200제외 코스피지수,"['042700', '088980', '005070', '307950', '267260', '006740', '007660', '298040', '006040', '248070', '003620', '006110', '108320', '267270', '002710', '353200', '145720', '100090', '018670', '457190', '336370', '011810', '003690', '195870', '009970', '001060', '089860', '012510', '456040', '089590', '007340', '181710', '395400', '365550', '001430', '214320', '330590', '090460', '023590', '002840', '348950', '082740', '006120', '003030', '002350', '192650', '161000', '085620', '009450', '003540', '082640', '064960', '007700', '001470', '272450', '192400', '344820', '268280', '068400', '017960', '000070', '030190', '049770', '007460', '000640', '005610', '383800', '033240', '001390', '018250', '011930', '005880', '025540', '000400', '005180', '002240', '001530', '170900', '003530', '001720', '293940', '034120', '074610', '003470', '377740', '091810', '034310', '007690', '403550', '097520', '460860', '003000', '000370', '357120', '108670', '145990', '017810', '241590', '003280', '210980', '033270', '058650', '093050', '010690', '281820', '003520', '004690', '103590', '249420', '453340', '005690', '001200', '004430', '462520', '077500', '183190', '200880', '286940', '017940', '001820', '005950', '014830', '015540', '306200', '025860', '123890', '226320', '448730', '007810', '000680', '003220', '005090', '000430', '432320', '451800', '002030', '003060', '012030', '012630', '058430', '060980', '075580', '079160', '363280', '001340', '322000', '002310', '003300', '003570', '003920', '005810', '008350', '008490', '009290', '016800', '017390', '018470', '027410', '093230', '126560', '298000', '298690', '001780', '088260', '229640', '004700', '006390', '011000', '026890', '029530', '030610', '037270', '071970', '077970', '084010', '092220', '097230', '138490', '002320', '001510', '005390', '005500', '007570', '009680', '034830', '126720', '053210', '071320', '072710', '096760', '102460', '122900', '037560', '001790', '001940', '002960', '003120', '006220', '009160', '130660', '016580', '024720', '036420', '079980', '092790', '115390', '010600', '000020', '452260', '001500', '001630', '001880', '002150', '002900', '003960', '004380', '005010', '011760', '036530', '053690', '084690', '095720', '272550', '293480', '001460', '000050', '000480', '000490', '001520', '006840', '010580', '271980', '027970', '030210', '037710', '102260', '104700', '213500', '015890', '334890', '460850', '002020', '002810', '003160', '004360', '004980', '005440', '007210', '008060', '011500', '016590', '029460', '035510', '071840', '081000', '139990', '234080', '450140', '001270', '000140', '339770', '001250', '003070', '003200', '004250', '004560', '004710', '005720', '007160', '009580', '012320', '014580', '015590', '015860', '016710', '020120', '025000', '078520', '092230', '105840', '107590', '317400', '001130', '377190', '136490', '417310', '000540', '001360', '002100', '002390', '002990', '003720', '006060', '008260', '011330', '014280', '015230', '015360', '017370', '019680', '024900', '033530', '035150', '039570', '044450', '083420', '084680', '090350', '092200', '095570', '100250', '117580', '404990', '000390', '248170', '001230', '002620', '002780', '003580', '005680', '006890', '007540', '007860', '010820', '011280', '011690', '011700', '012610', '012800', '016450', '016610', '028100', '055490', '068290', '079430', '100840', '101530', '123690', '128820', '194370', '214330', '214390', '001080', '000320', '372910', '000700', '000860', '000970', '002170', '002210', '005960', '006490', '008040', '008700', '009410', '010100', '011300', '013570', '014530', '023800', '025820', '031440', '033920', '036580', '069460', '070960', '109070', '134380', '210540', '214420', '282690', '000500', '400760', '267850', '002700', '003350', '003460', '003830', '004080', '004310', '004830', '004890', '004970', '005430', '006370', '009190', '009270', '010040', '011150', '013580', '014160', '017550', '017900', '019440', '024090', '032560', '047400', '058850', '089470', '094280', '120030', '000180', '000230', '308170', '000520', '001750', '002200', '002460', '002600', '003650', '004090', '004100', '004150', '004920', '006880', '007280', '007980', '008970', '009070', '009470', '016740', '017040', '023000', '023450', '034590', '058860', '063160', '067830', '264900', '267290', '000300', '350520', '446070', '000910', '001260', '002140', '002450', '002720', '002760', '003480', '003610', '004060', '004140', '004720', '004840', '004910', '005360', '005740', '005800', '007110', '007590', '008870', '009200', '010660', '012690', '013360', '013870', '014790', '016090', '016880', '018500', '021050', '023810', '024890', '027740', '031820', '035000', '044820', '058730', '075180', '078000', '085310', '092440', '101140', '145210', '163560', '227840', '244920', '380440', '396690', '338100', '378850', '000220', '000650', '000850', '000890', '001290', '001550', '001560', '002220', '002360', '002630', '002920', '003010', '003780', '004270', '004410', '004450', '004540', '004770', '004960', '005870', '006090', '006340', '006660', '006980', '008110', '008250', '009320', '009440', '009810', '010960', '011230', '011390', '012160', '012600', '013520', '013700', '014130', '014440', '014710', '014990', '015260', '017180', '019490', '021820', '025750', '026940', '033180', '041650', '049800', '069640', '071090', '090080', '092780', '102280', '111110', '129260', '143210', '155660', '357430', '145270', '134790', '000040', '000590', '001070', '001140', '001380', '001620', '002410', '002880', '003080', '003560', '004440', '004870', '005320', '005750', '005820', '006200', '006570', '007610', '008420', '009180', '009460', '009770', '010640', '010770', '011420', '012170', '012200', '012280', '019180', '020760', '023150', '023350', '023960', '025530', '034300', '051630', '069730', '090370', '091090', '093240', '100220', '119650', '123700', '133820', '357250', '204210', '118000', '000760', '000950', '001020', '001210', '001420', '001770', '002070', '002420', '002690', '002820', '002870', '003680', '005030', '005110', '006380', '007120', '008600', '009140', '009310', '010400', '010420', '011090', '013000', '014910', '015020', '024070', '025560', '025620', '025890', '030720', '044380', '072130', '084670', '084870', '155900', '140910', '008500', '088790', '033250', '071950', '030790']"
45,1894,코스피 200 TOP 10,"['005930', '373220', '000660', '207940', '005490', '006400', '051910', '005380', '035420', '000270']"
